[
  {
    "id": 1,
    "nombre": "almendras",
    "precio": 200,
    "img": "../img/almendra 3.jpg",
    "cantidad": 1
  },
  {
    "id": 2,
    "nombre": "nueces",
    "precio": 500,
    "img": "../img/nueces 3.jpg",
    "cantidad": 1
  },
  {
    "id": 3,
    "nombre": "pasas de uva",
    "precio": 200,
    "img": "../img/pasas negras.jpg",
    "cantidad": 1
  },
  {
    "id": 4,
    "nombre": "mixfrutal",
    "precio": 300,
    "img": "../img/mixfrutal3.jpg",
    "cantidad": 1
  },
  {
    "id": 5,
    "nombre": "mani",
    "precio": 200,
    "img": "../img/mani 3.jpg",
    "cantidad": 1
  }
]
